,show_image:,show_title:,show_year:,show_rating:
0,"https://m.media-amazon.com/images/M/MV5BMGZmYmQ5NGQtNWQ1MC00NWZlLTg0MjYtYjJjMzQ5ODgxYzRkXkEyXkFqcGdeQXVyNjAwNDUxODI@._V1_UY67_CR1,0,45,67_AL_.jpg",Planet Earth II,Planet Earth II,9.4
1,"https://m.media-amazon.com/images/M/MV5BYmQ4YWMxYjUtNjZmYi00MDQ1LWFjMjMtNjA5ZDdiYjdiODU5XkEyXkFqcGdeQXVyMTMzNDExODE5._V1_UX45_CR0,0,45,67_AL_.jpg",Breaking Bad,Breaking Bad,9.4
2,"https://m.media-amazon.com/images/M/MV5BMzMyYjg0MGMtMTlkMy00OGFiLWFiNTYtYmFmZWNmMDFlMzkwXkEyXkFqcGdeQXVyNjAwNDUxODI@._V1_UY67_CR1,0,45,67_AL_.jpg",Planet Earth,Planet Earth,9.4
3,"https://m.media-amazon.com/images/M/MV5BMTI3ODc2ODc0M15BMl5BanBnXkFtZTYwMjgzNjc3._V1_UX45_CR0,0,45,67_AL_.jpg",Band of Brothers,Band of Brothers,9.4
4,"https://m.media-amazon.com/images/M/MV5BNTdkN2QwMDItMDVhNS00ZjFiLWEzNTctMzY5ODQzYWNkMDllXkEyXkFqcGdeQXVyMTMzNDExODE5._V1_UY67_CR2,0,45,67_AL_.jpg",Chernobyl,Chernobyl,9.3
5,"https://m.media-amazon.com/images/M/MV5BNTllYzFhMjAtZjExNS00MjM4LWE5YmMtOGFiZGRlOTU5YzJiXkEyXkFqcGdeQXVyNDIzMzcwNjc@._V1_UX45_CR0,0,45,67_AL_.jpg",The Wire,The Wire,9.3
6,"https://m.media-amazon.com/images/M/MV5BODc5YTBhMTItMjhkNi00ZTIxLWI0YjAtNTZmOTY0YjRlZGQ0XkEyXkFqcGdeQXVyODUwNjEzMzg@._V1_UY67_CR0,0,45,67_AL_.jpg",Avatar: The Last Airbender,Avatar: The Last Airbender,9.2
7,"https://m.media-amazon.com/images/M/MV5BNDZiNDllMTAtOTgxZi00NzNiLWFhNzUtOGUwZWZjZGNjZTMyXkEyXkFqcGdeQXVyNjAwNDUxODI@._V1_UX45_CR0,0,45,67_AL_.jpg",Blue Planet II,Blue Planet II,9.2
8,"https://m.media-amazon.com/images/M/MV5BZGJjYzhjYTYtMDBjYy00OWU1LTg5OTYtNmYwOTZmZjE3ZDdhXkEyXkFqcGdeQXVyNTAyODkwOQ@@._V1_UY67_CR1,0,45,67_AL_.jpg",The Sopranos,The Sopranos,9.2
9,"https://m.media-amazon.com/images/M/MV5BZTk5OTQyZjYtMDk3Yy00YjhmLWE2MTYtZmY4NTg1YWUzZTQ0XkEyXkFqcGdeQXVyNTA4NzY1MzY@._V1_UY67_CR0,0,45,67_AL_.jpg",Cosmos: A Spacetime Odyssey,Cosmos: A Spacetime Odyssey,9.2
10,"https://m.media-amazon.com/images/M/MV5BM2YzYzc0OWUtNmIwZi00MTBlLThjYTgtYmU1ODlhMzdjMzdjXkEyXkFqcGdeQXVyNjAwNDUxODI@._V1_UX45_CR0,0,45,67_AL_.jpg",Cosmos,Cosmos,9.2
11,"https://m.media-amazon.com/images/M/MV5BZmM2OWEyN2EtZWY2NS00ZDA3LWFlNTAtNzUzMGQwZWVlZmE4XkEyXkFqcGdeQXVyNjAwNDUxODI@._V1_UY67_CR1,0,45,67_AL_.jpg",Our Planet,Our Planet,9.2
12,"https://m.media-amazon.com/images/M/MV5BYTRiNDQwYzAtMzVlZS00NTI5LWJjYjUtMzkwNTUzMWMxZTllXkEyXkFqcGdeQXVyNDIzMzcwNjc@._V1_UY67_CR2,0,45,67_AL_.jpg",Game of Thrones,Game of Thrones,9.1
13,"https://m.media-amazon.com/images/M/MV5BZTIwOWEyMjctMjQwNS00ODZiLThmMWEtYWQ1OWFiYzQ2OWYwXkEyXkFqcGdeQXVyNjAwNDUxODI@._V1_UX45_CR0,0,45,67_AL_.jpg",The World at War,The World at War,9.1
14,"https://m.media-amazon.com/images/M/MV5BZjRjOTFkOTktZWUzMi00YzMyLThkMmYtMjEwNmQyNzliYTNmXkEyXkFqcGdeQXVyNzQ1ODk3MTQ@._V1_UX45_CR0,0,45,67_AL_.jpg",Rick and Morty,Rick and Morty,9.1
15,"https://m.media-amazon.com/images/M/MV5BZmEzN2YzOTItMDI5MS00MGU4LWI1NWQtOTg5ZThhNGQwYTEzXkEyXkFqcGdeQXVyNTA4NzY1MzY@._V1_UY67_CR1,0,45,67_AL_.jpg",Hagane no renkinjutsushi,Hagane no renkinjutsushi,9.0
16,"https://m.media-amazon.com/images/M/MV5BY2U1ZTU4OWItNGU2MC00MTg1LTk4NzUtYTk3ODhjYjI0MzlmXkEyXkFqcGdeQXVyMTkxNjUyNQ@@._V1_UX45_CR0,0,45,67_AL_.jpg",The Last Dance,The Last Dance,9.0
17,"https://m.media-amazon.com/images/M/MV5BNjJhMTAxZjYtNWZkYy00Nzg1LTlkYjItZTNhZWRjNzkxMDg3XkEyXkFqcGdeQXVyNTA4NzY1MzY@._V1_UY67_CR1,0,45,67_AL_.jpg",Life,Life,9.0
18,"https://m.media-amazon.com/images/M/MV5BNTAzMDI5MzgtMGNkMC00MzllLWJhNjctNjA1NmViNGUxMzYxXkEyXkFqcGdeQXVyMTQxNzMzNDI@._V1_UX45_CR0,0,45,67_AL_.jpg",The Twilight Zone,The Twilight Zone,9.0
19,"https://m.media-amazon.com/images/M/MV5BMWEzNTFlMTQtMzhjOS00MzQ1LWJjNjgtY2RhMjFhYjQwYjIzXkEyXkFqcGdeQXVyNDIzMzcwNjc@._V1_UX45_CR0,0,45,67_AL_.jpg",Sherlock,Sherlock,9.0
20,"https://m.media-amazon.com/images/M/MV5BMDBiNDI3YjQtNDdkNS00ZDliLTlmMmQtMDE4ZWM1ZGIyNjljXkEyXkFqcGdeQXVyNTE1NjY5Mg@@._V1_UX45_CR0,0,45,67_AL_.jpg",Bluey,Bluey,9.0
21,"https://m.media-amazon.com/images/M/MV5BZmY2NGMyY2EtMjJiMS00MmFlLTk1MmItZDA1NTQ0ODg0MDA4XkEyXkFqcGdeQXVyNjAwNDUxODI@._V1_UX45_CR0,0,45,67_AL_.jpg",The Vietnam War,The Vietnam War,9.0
22,"https://m.media-amazon.com/images/M/MV5BOTM3MTRkZjQtYjBkMy00YWE1LTkxOTQtNDQyNGY0YjYzNzAzXkEyXkFqcGdeQXVyOTgwMzk1MTA@._V1_UX45_CR0,0,45,67_AL_.jpg",Batman: The Animated Series,Batman: The Animated Series,9.0
23,"https://m.media-amazon.com/images/M/MV5BNjgxZTMxNmQtZGFkZS00NDUyLTllMzYtOTE0ZjdlMjM1ZWU0XkEyXkFqcGdeQXVyMTAyMTE1MDA1._V1_UX45_CR0,0,45,67_AL_.jpg",Scam 1992: The Harshad Mehta Story,Scam 1992: The Harshad Mehta Story,8.9
24,"https://m.media-amazon.com/images/M/MV5BNDFjYTIxMjctYTQ2ZC00OGQ4LWE3OGYtNDdiMzNiNDZlMDAwXkEyXkFqcGdeQXVyNzI3NjY3NjQ@._V1_UY67_CR2,0,45,67_AL_.jpg",Shingeki no Kyojin,Shingeki no Kyojin,8.9
25,"https://m.media-amazon.com/images/M/MV5BYmU5OWM5ZTAtNjUzOC00NmUyLTgyOWMtMjlkNjdlMDAzMzU1XkEyXkFqcGdeQXVyMDM2NDM2MQ@@._V1_UY67_CR0,0,45,67_AL_.jpg",Arcane: League of Legends,Arcane: League of Legends,8.9
26,"https://m.media-amazon.com/images/M/MV5BMjI2NzVhM2UtODZlNS00Nzk1LTk4NDQtYTc0YWU4ODNlNGNjXkEyXkFqcGdeQXVyNjcwMzExMzU@._V1_UX45_CR0,0,45,67_AL_.jpg",The Blue Planet,The Blue Planet,8.9
27,"https://m.media-amazon.com/images/M/MV5BMDNkOTE4NDQtMTNmYi00MWE0LWE4ZTktYTc0NzhhNWIzNzJiXkEyXkFqcGdeQXVyMzQ2MDI5NjU@._V1_UX45_CR0,0,45,67_AL_.jpg",The Office,The Office,8.9
28,"https://m.media-amazon.com/images/M/MV5BOTJmZjcwZDctODRkYi00MTJkLTgwYTYtMmUxYTgxOGU4ODg2XkEyXkFqcGdeQXVyMTUyNjc3NDQ4._V1_UX45_CR0,0,45,67_AL_.jpg",Human Planet,Human Planet,8.9
29,"https://m.media-amazon.com/images/M/MV5BOTcwNzkwMDItZmM1OC00MmQ2LTgxYjgtOTNiNDgxZDAxMjk0XkEyXkFqcGdeQXVyNDQ0MTYzMDA@._V1_UX45_CR0,0,45,67_AL_.jpg",Firefly,Firefly,8.9
30,"https://m.media-amazon.com/images/M/MV5BYjdlMGYwYWQtODVlMi00Y2I0LThiYzgtYTM0YmU5NzdhYTI0XkEyXkFqcGdeQXVyNjAwNDUxODI@._V1_UX45_CR0,0,45,67_AL_.jpg",Frozen Planet,Frozen Planet,8.9
31,"https://m.media-amazon.com/images/M/MV5BZDA4YmE0OTYtMmRmNS00Mzk2LTlhM2MtNjk4NzBjZGE1MmIyXkEyXkFqcGdeQXVyMTMzNDExODE5._V1_UX45_CR0,0,45,67_AL_.jpg",Better Call Saul,Better Call Saul,8.9
32,"https://m.media-amazon.com/images/M/MV5BNjRiNmNjMmMtN2U2Yi00ODgxLTk3OTMtMmI1MTI1NjYyZTEzXkEyXkFqcGdeQXVyNjAwNDUxODI@._V1_UX45_CR0,0,45,67_AL_.jpg",Death Note: Desu nôto,Death Note: Desu nôto,8.9
33,"https://m.media-amazon.com/images/M/MV5BYWI5M2YyYmYtMzBkNy00YWYyLThjZGUtYzEyOTQxZDQyYmVhXkEyXkFqcGdeQXVyNjAwNDUxODI@._V1_UX45_CR0,0,45,67_AL_.jpg",Clarkson's Farm,Clarkson's Farm,8.9
34,"https://m.media-amazon.com/images/M/MV5BYmI1NGIwNzYtOTVlMS00ZGYwLWE0ZTktYzVmMGVlMmRmN2QxXkEyXkFqcGdeQXVyNTA4NzY1MzY@._V1_UY67_CR1,0,45,67_AL_.jpg",Only Fools and Horses....,Only Fools and Horses....,8.9
35,"https://m.media-amazon.com/images/M/MV5BZjE1ODNkYzctNjM0Ni00MmM3LTkyMjctZGRhYzA3YzhjMTFlXkEyXkFqcGdeQXVyNjAwNDUxODI@._V1_UX45_CR0,0,45,67_AL_.jpg",The Civil War,The Civil War,8.9
36,"https://m.media-amazon.com/images/M/MV5BNGM0YTk3MWEtN2JlZC00ZmZmLWIwMDktZTMxZGE5Zjc2MGExXkEyXkFqcGdeQXVyNjAwNDUxODI@._V1_UY67_CR1,0,45,67_AL_.jpg",Hunter x Hunter,Hunter x Hunter,8.9
37,"https://m.media-amazon.com/images/M/MV5BMmRlYmE0Y2UtNDk2Yi00NzczLWEwZTEtZmE2OTcyYzcxYmU5XkEyXkFqcGdeQXVyNTMxMjgxMzA@._V1_UY67_CR1,0,45,67_AL_.jpg",True Detective,True Detective,8.9
38,"https://m.media-amazon.com/images/M/MV5BZjZjMzQ2ZmUtZWEyZC00NWJiLWFjM2UtMzhmYzZmZDcxMzllXkEyXkFqcGdeQXVyNTA4NzY1MzY@._V1_UY67_CR1,0,45,67_AL_.jpg",Seinfeld,Seinfeld,8.9
39,"https://m.media-amazon.com/images/M/MV5BNDgzZDVmZjYtYmNhNi00YTE0LWJmNDAtODZiNWIwMjJhZDhhXkEyXkFqcGdeQXVyNjAwNDUxODI@._V1_UX45_CR0,0,45,67_AL_.jpg",Dekalog,Dekalog,8.9
40,"https://m.media-amazon.com/images/M/MV5BOTJkNzJmYzgtZTZmNC00MTQ2LWE2ZGQtM2EyYjliNGViMTY5XkEyXkFqcGdeQXVyNDg4MjkzNDk@._V1_UY67_CR1,0,45,67_AL_.jpg",Sahsiyet,Sahsiyet,8.9
41,"https://m.media-amazon.com/images/M/MV5BNjMxMjE5ZTEtMjgyOC00ODM4LWJjZDAtMjcwZDBlNzZhZTkyXkEyXkFqcGdeQXVyMDM2NDM2MQ@@._V1_UY67_CR0,0,45,67_AL_.jpg",The Beatles: Get Back,The Beatles: Get Back,8.9
42,"https://m.media-amazon.com/images/M/MV5BN2NiMGE5M2UtNWNlNC00N2Y4LTkwOWUtMDlkMzEwNTcyOTcyXkEyXkFqcGdeQXVyMTkxNjUyNQ@@._V1_UY67_CR0,0,45,67_AL_.jpg",Fargo,Fargo,8.9
43,"https://m.media-amazon.com/images/M/MV5BZDEzMjlkNDgtZjhkNi00N2RlLWFhZTYtNDE5OTc2NjZkODJlXkEyXkFqcGdeQXVyNjAwNDUxODI@._V1_UY67_CR2,0,45,67_AL_.jpg",Kaubôi bibappu: Cowboy Bebop,Kaubôi bibappu: Cowboy Bebop,8.8
44,"https://m.media-amazon.com/images/M/MV5BOGY4ZWM1MDUtZmM3MS00ZjAxLTkyYzMtMjgxODI1YzkzNGUwXkEyXkFqcGdeQXVyNzk2NzE5Mjk@._V1_UY67_CR2,0,45,67_AL_.jpg",Nathan for You,Nathan for You,8.8
45,"https://m.media-amazon.com/images/M/MV5BMTEzNDc3MDQ2NzNeQTJeQWpwZ15BbWU4MDYzMzUwMDIx._V1_UX45_CR0,0,45,67_AL_.jpg",Gravity Falls,Gravity Falls,8.8
46,"https://m.media-amazon.com/images/M/MV5BZmJjM2YzOWEtOTYxYi00YjhkLTliMzgtMTA2MTc0NDQ1MDM4XkEyXkFqcGdeQXVyODY5OTk4MA@@._V1_UY67_CR0,0,45,67_AL_.jpg",When They See Us,When They See Us,8.8
47,"https://m.media-amazon.com/images/M/MV5BNDVkYjU0MzctMWRmZi00NTkxLTgwZWEtOWVhYjZlYjllYmU4XkEyXkFqcGdeQXVyNTA4NzY1MzY@._V1_UY67_CR0,0,45,67_AL_.jpg",Friends,Friends,8.8
48,"https://m.media-amazon.com/images/M/MV5BNjRhYTgyZGEtOGU2YS00ZGM1LWIzODctZDhkNDBiYTFhZTYxXkEyXkFqcGdeQXVyNTE1NjY5Mg@@._V1_UY67_CR0,0,45,67_AL_.jpg",Last Week Tonight with John Oliver,Last Week Tonight with John Oliver,8.8
49,"https://m.media-amazon.com/images/M/MV5BMzEyMmM1ZGMtZTgwMS00Y2Y4LTg0MTItMGRiZGE3YTVhYjU3L2ltYWdlXkEyXkFqcGdeQXVyNTAyODkwOQ@@._V1_UY67_CR3,0,45,67_AL_.jpg",Apocalypse: La 2ème guerre mondiale,Apocalypse: La 2ème guerre mondiale,8.8
50,"https://m.media-amazon.com/images/M/MV5BNDdkZGViNzctZTJkMy00N2ZmLTg4NTUtZWM3YTE3ZTE3NjYwXkEyXkFqcGdeQXVyNjAwNDUxODI@._V1_UX45_CR0,0,45,67_AL_.jpg",Africa,Africa,8.8
51,"https://m.media-amazon.com/images/M/MV5BYzA2NGM5MjAtMGJhMC00ZmE3LWFmYmEtZTVjNjA0MzQ4YmI1XkEyXkFqcGdeQXVyMTIyNzY0NTMx._V1_UY67_CR4,0,45,67_AL_.jpg",TVF Pitchers,TVF Pitchers,8.8
52,"https://m.media-amazon.com/images/M/MV5BZDc4NjU1MmMtZjIzNy00MWRhLWI4ZjUtYjY4YmFlY2NjMzA0XkEyXkFqcGdeQXVyMjkwOTAyMDU@._V1_UY67_CR0,0,45,67_AL_.jpg",It's Always Sunny in Philadelphia,It's Always Sunny in Philadelphia,8.8
53,"https://m.media-amazon.com/images/M/MV5BMTNlYzY0MTItZmI5Ni00ODEwLTkxNDktOTI3MGI1ODRmODJlXkEyXkFqcGdeQXVyMDE4MzA0NQ@@._V1_UX45_CR0,0,45,67_AL_.jpg",Taskmaster,Taskmaster,8.8
54,"https://m.media-amazon.com/images/M/MV5BZGI1N2FiYTYtOWU3Mi00MjBlLWJkMGMtMjZmZTQwMDdiYjY3XkEyXkFqcGdeQXVyMTIwMjIwNjQ2._V1_UY67_CR5,0,45,67_AL_.jpg",Monty Python's Flying Circus,Monty Python's Flying Circus,8.8
55,"https://m.media-amazon.com/images/M/MV5BNTBhZTQzZGEtZmRiOS00MzAwLWI5MzQtYTc1YTRhMzU3NzQ5XkEyXkFqcGdeQXVyNzkwMjQ5NzM@._V1_UY67_CR1,0,45,67_AL_.jpg",Das Boot,Das Boot,8.8
56,"https://m.media-amazon.com/images/M/MV5BZTUzZjU0M2MtZGFmYy00ZWU0LWJjZGUtOGJlMTI4MWI4ZDUxXkEyXkFqcGdeQXVyNDg4MjkzNDk@._V1_UY67_CR4,0,45,67_AL_.jpg",Gibi,Gibi,8.8
57,"https://m.media-amazon.com/images/M/MV5BNjk3ZWE3ZDctN2Q1YS00NzNhLWFjNmYtZTkwYWQxZmQ3NzM3XkEyXkFqcGdeQXVyNTE1NjY5Mg@@._V1_UX45_CR0,0,45,67_AL_.jpg",The West Wing,The West Wing,8.8
58,"https://m.media-amazon.com/images/M/MV5BMzE3ZDA4OWItOGY2ZC00MzVmLTk0Y2QtNzEzMjc5YWI5ZWFiXkEyXkFqcGdeQXVyMTEyMjM2NDc2._V1_UY67_CR0,0,45,67_AL_.jpg",Curb Your Enthusiasm,Curb Your Enthusiasm,8.8
59,"https://m.media-amazon.com/images/M/MV5BZTY0YjU0NTUtMGRmNS00NDMyLWI2MzYtNjM2MmM1M2FkMjkyXkEyXkFqcGdeQXVyNjY1MTg4Mzc@._V1_UY67_CR0,0,45,67_AL_.jpg",Succession,Succession,8.8
60,"https://m.media-amazon.com/images/M/MV5BZGUzYTI3M2EtZmM0Yy00NGUyLWI4ODEtN2Q3ZGJlYzhhZjU3XkEyXkFqcGdeQXVyNTM0OTY1OQ@@._V1_UY67_CR0,0,45,67_AL_.jpg",The Last of Us,The Last of Us,8.8
61,"https://m.media-amazon.com/images/M/MV5BNzJiYjAxNjUtNjFlNC00NWMwLTgxMTAtNjgyYmUzNWE0OWFjXkEyXkFqcGdeQXVyMTA0MTM5NjI2._V1_UX45_CR0,0,45,67_AL_.jpg",Fawlty Towers,Fawlty Towers,8.8
62,"https://m.media-amazon.com/images/M/MV5BZGZlN2QzYTQtNmZkMy00YjdiLWIwOGUtMzlhZTJlMmIyNmJhXkEyXkFqcGdeQXVyOTQ2MjQ3MTI@._V1_UY67_CR4,0,45,67_AL_.jpg",Leyla ile Mecnun,Leyla ile Mecnun,8.8
63,"https://m.media-amazon.com/images/M/MV5BMDM0MjFlOGYtNTg2ZC00MmRkLTg5OTQtM2U5ZjUyYTgxZThiXkEyXkFqcGdeQXVyNTAyODkwOQ@@._V1_UY67_CR1,0,45,67_AL_.jpg",Pride and Prejudice,Pride and Prejudice,8.7
64,"https://m.media-amazon.com/images/M/MV5BZWJhOGFiZWMtYTY5Ni00NGU1LWE5OWItNzA5NThkNWUwYzc4XkEyXkFqcGdeQXVyNTA4NzY1MzY@._V1_UY67_CR1,0,45,67_AL_.jpg",Freaks and Geeks,Freaks and Geeks,8.7
65,"https://m.media-amazon.com/images/M/MV5BYWQwMDNkM2MtODU4OS00OTY3LTgwOTItNjE2Yzc0MzRkMDllXkEyXkFqcGdeQXVyMTkxNjUyNQ@@._V1_UY67_CR0,0,45,67_AL_.jpg",BoJack Horseman,BoJack Horseman,8.7
66,"https://m.media-amazon.com/images/M/MV5BMTQ0OTc1NTU1NV5BMl5BanBnXkFtZTcwNDk1NDYxMQ@@._V1_UY67_CR1,0,45,67_AL_.jpg",Blackadder Goes Forth,Blackadder Goes Forth,8.7
67,"https://m.media-amazon.com/images/M/MV5BMTExNzk2NjcxNTNeQTJeQWpwZ15BbWU4MDcxOTczOTIx._V1_UY67_CR3,0,45,67_AL_.jpg",Twin Peaks,Twin Peaks,8.7
68,"https://m.media-amazon.com/images/M/MV5BYTM3YWVhMDMtNjczMy00NGEyLWJhZDctYjNhMTRkNDE0ZTI1XkEyXkFqcGdeQXVyMTkxNjUyNQ@@._V1_UY67_CR0,0,45,67_AL_.jpg",Black Mirror,Black Mirror,8.7
69,"https://m.media-amazon.com/images/M/MV5BNmFjODU3YzgtMGUwNC00ZGI3LWFkZjQtMjkxZDc3NmQ1MzcyXkEyXkFqcGdeQXVyNjUwNzk3NDc@._V1_UY67_CR0,0,45,67_AL_.jpg",Narcos,Narcos,8.7
70,"https://m.media-amazon.com/images/M/MV5BNGM5MTEyZDItZWNhOS00NzNkLTgwZTAtNWIzY2IzZmExOWMxXkEyXkFqcGdeQXVyNTA4NzY1MzY@._V1_UY67_CR1,0,45,67_AL_.jpg",Dragon Ball Z,Dragon Ball Z,8.7
71,"https://m.media-amazon.com/images/M/MV5BOWNjYTg5NGMtOWRjNy00ZGNlLTg2MmYtZjQ5NTM0MTQxOGM2XkEyXkFqcGdeQXVyNTA4NzY1MzY@._V1_UY67_CR1,0,45,67_AL_.jpg",Chappelle's Show,Chappelle's Show,8.7
72,"https://m.media-amazon.com/images/M/MV5BODcwNWE3OTMtMDc3MS00NDFjLWE1OTAtNDU3NjgxODMxY2UyXkEyXkFqcGdeQXVyNTAyODkwOQ@@._V1_UX45_CR0,0,45,67_AL_.jpg",One Piece: Wan pîsu,One Piece: Wan pîsu,8.7
73,"https://m.media-amazon.com/images/M/MV5BZTI2Yzc1MTctMTIzOS00ZDljLTkzMDgtZDdiMWJiZWMxNjU2XkEyXkFqcGdeQXVyNjAwNDUxODI@._V1_UX45_CR0,0,45,67_AL_.jpg",Dragon Ball Z: Doragon bôru zetto,Dragon Ball Z: Doragon bôru zetto,8.7
74,"https://m.media-amazon.com/images/M/MV5BZWM1MDY1MjYtYTAzZC00MDJiLTk4MjAtOGQzNDI4YWU1MWQ0XkEyXkFqcGdeQXVyNTA4NzY1MzY@._V1_UY67_CR0,0,45,67_AL_.jpg","I, Claudius","I, Claudius",8.7
75,"https://m.media-amazon.com/images/M/MV5BZjNhODYzZGItZWQ3Ny00ZjViLTkxMTUtM2EzN2RjYjU2OGZiXkEyXkFqcGdeQXVyMTI5MTc0OTIy._V1_UX45_CR0,0,45,67_AL_.jpg",South Park,South Park,8.7
76,"https://m.media-amazon.com/images/M/MV5BYzhjNzI0NWEtMzEyYy00OGViLThhMjctMWQxNGQ3Y2IzOTY4XkEyXkFqcGdeQXVyNjAwNDUxODI@._V1_UY67_CR1,0,45,67_AL_.jpg",Over the Garden Wall,Over the Garden Wall,8.7
77,"https://m.media-amazon.com/images/M/MV5BYTM4MmU1NWYtNzJjYy00YWFhLThjOGEtZmMxOGI1NzE0NGNiXkEyXkFqcGdeQXVyNDIzMzcwNjc@._V1_UX45_CR0,0,45,67_AL_.jpg",Rome,Rome,8.7
78,"https://m.media-amazon.com/images/M/MV5BN2FmMjg0Y2YtYmMyYi00MTBjLTllYzMtN2VjYzRhOTVmNWRlXkEyXkFqcGdeQXVyNDIzMzcwNjc@._V1_UY67_CR1,0,45,67_AL_.jpg",Six Feet Under,Six Feet Under,8.7
79,"https://m.media-amazon.com/images/M/MV5BOGVmMGYwZTEtOGFlYS00ODRhLTg3M2MtMzc1OGNhNzU3N2IzXkEyXkFqcGdeQXVyNDY4NjAxNTc@._V1_UY67_CR0,0,45,67_AL_.jpg",Kota Factory,Kota Factory,8.7
80,"https://m.media-amazon.com/images/M/MV5BZjYzZDgzMmYtYjY5Zi00YTk1LThhMDYtNjFlNzM4MTZhYzgyXkEyXkFqcGdeQXVyMTE5NDQ1MzQ3._V1_UY67_CR4,0,45,67_AL_.jpg",Peaky Blinders,Peaky Blinders,8.7
81,"https://m.media-amazon.com/images/M/MV5BYjY3N2M2YjgtZTFjZS00ODA1LWJjMDgtNDgxZDllZWFiMmYyXkEyXkFqcGdeQXVyNDIzMzcwNjc@._V1_UX45_CR0,0,45,67_AL_.jpg",Oz,Oz,8.7
82,"https://m.media-amazon.com/images/M/MV5BMTdmZjBjZjQtY2JiNS00Y2ZlLTg2NzgtMjUzMGY2OTVmOWJiXkEyXkFqcGdeQXVyMDM2NDM2MQ@@._V1_UY67_CR0,0,45,67_AL_.jpg",Ted Lasso,Ted Lasso,8.7
83,"https://m.media-amazon.com/images/M/MV5BOTk2NzUyOTctZDdlMS00MDJlLTgzNTEtNzQzYjFhNjA0YjBjXkEyXkFqcGdeQXVyMjg1NDcxNDE@._V1_UY67_CR0,0,45,67_AL_.jpg",Dark,Dark,8.7
84,"https://m.media-amazon.com/images/M/MV5BMjUxMzE4ZDctODNjMS00MzIwLThjNDktODkwYjc5YWU0MDc0XkEyXkFqcGdeQXVyNjc3OTE4Nzk@._V1_UX45_CR0,0,45,67_AL_.jpg",Steins;Gate,Steins;Gate,8.7
85,"https://m.media-amazon.com/images/M/MV5BOTEyNDJhMDAtY2U5ZS00OTMzLTkwODktMjU3MjFkZWVlMGYyXkEyXkFqcGdeQXVyMjkwOTAyMDU@._V1_UY67_CR4,0,45,67_AL_.jpg",The Boys,The Boys,8.7
86,"https://m.media-amazon.com/images/M/MV5BN2QwZmNhZjctZDZkMi00Mjk2LTg4OWMtNGEzMjk1ZWIwN2IzXkEyXkFqcGdeQXVyNDY4NjAxNTc@._V1_UY67_CR0,0,45,67_AL_.jpg",Gullak,Gullak,8.7
87,"https://m.media-amazon.com/images/M/MV5BMjA4MzU5NzQxNV5BMl5BanBnXkFtZTgwOTg3MDA5NzM@._V1_UY67_CR0,0,45,67_AL_.jpg",Fleabag,Fleabag,8.7
88,"https://m.media-amazon.com/images/M/MV5BNTFlYTE2YTItZmQ1NS00ZWQ5LWI3OGUtYTQzNDMyZmEyYTZjXkEyXkFqcGdeQXVyNDg4NjY5OTQ@._V1_UY67_CR0,0,45,67_AL_.jpg",Arrested Development,Arrested Development,8.7
89,"https://m.media-amazon.com/images/M/MV5BYjFkMTlkYWUtZWFhNy00M2FmLThiOTYtYTRiYjVlZWYxNmJkXkEyXkFqcGdeQXVyNTAyODkwOQ@@._V1_UX45_CR0,0,45,67_AL_.jpg",The Simpsons,The Simpsons,8.7
90,"https://m.media-amazon.com/images/M/MV5BZjJlNzE5YzEtYzQwYS00NTBjLTk5YzAtYzUwOWQyM2E3OGI2XkEyXkFqcGdeQXVyNTgyNTA4MjM@._V1_UX45_CR0,0,45,67_AL_.jpg",One Punch Man: Wanpanman,One Punch Man: Wanpanman,8.6
91,"https://m.media-amazon.com/images/M/MV5BMTcwNzQwODI5NV5BMl5BanBnXkFtZTcwNzQxMjI5MQ@@._V1_UX45_CR0,0,45,67_AL_.jpg",The Shield,The Shield,8.6
92,"https://m.media-amazon.com/images/M/MV5BZDkxODJmNDktZDcxMy00MGJkLWI3NzEtNzVkYTdkZWI0ZmVkXkEyXkFqcGdeQXVyNDY4NjAxNTc@._V1_UY67_CR1,0,45,67_AL_.jpg",Panchayat,Panchayat,8.6
93,"https://m.media-amazon.com/images/M/MV5BZjBjMjk4YWQtZjY1MC00NTI5LWEwZDMtYWMyYjk2MjkzMThhXkEyXkFqcGdeQXVyNzA5NjUyNjM@._V1_UY67_CR0,0,45,67_AL_.jpg",Battlestar Galactica,Battlestar Galactica,8.6
94,"https://m.media-amazon.com/images/M/MV5BMDA4NjQzN2ItZDhhNC00ZjVlLWFjNTgtMTEyNDQyOGNjMDE1XkEyXkFqcGdeQXVyNTA4NzY1MzY@._V1_UY67_CR0,0,45,67_AL_.jpg",House M.D.,House M.D.,8.6
95,"https://m.media-amazon.com/images/M/MV5BNzQwODI4Y2YtNjFmNC00NTExLWE0NzYtMTUzNjA0YzBhY2YyXkEyXkFqcGdeQXVyMTMxMTYzNDkz._V1_UY67_CR1,0,45,67_AL_.jpg",Vinland Saga,Vinland Saga,8.6
96,"https://m.media-amazon.com/images/M/MV5BY2U1NmIwYzgtNjFkOS00YWUxLTg0YTMtZmE5NTA3YjRmY2NlXkEyXkFqcGdeQXVyNTA4NzY1MzY@._V1_UY67_CR1,0,45,67_AL_.jpg",Downton Abbey,Downton Abbey,8.6
97,"https://m.media-amazon.com/images/M/MV5BMjkwZjcwMGQtNDAzOC00YjJiLThiYTgtNWU3ZjRiZmY2YzEzXkEyXkFqcGdeQXVyMTMzNDExODE5._V1_UX45_CR0,0,45,67_AL_.jpg",Severance,Severance,8.6
98,"https://m.media-amazon.com/images/M/MV5BMmE1ODVhMGYtODYyYS00Mjc4LWIzN2EtYWZkZDg1MTUyNDkxXkEyXkFqcGdeQXVyMTkxNjUyNQ@@._V1_UY67_CR0,0,45,67_AL_.jpg",Invincible,Invincible,8.6
99,"https://m.media-amazon.com/images/M/MV5BMDZkYmVhNjMtNWU4MC00MDQxLWE3MjYtZGMzZWI1ZjhlOWJmXkEyXkFqcGdeQXVyMTkxNjUyNQ@@._V1_UY67_CR4,0,45,67_AL_.jpg",Stranger Things,Stranger Things,8.6
100,"https://m.media-amazon.com/images/M/MV5BN2M5YWFjN2YtYzU2YS00NzBlLTgwZWUtYWQzNWFhNDkyYjg3XkEyXkFqcGdeQXVyMDM2NDM2MQ@@._V1_UY67_CR0,0,45,67_AL_.jpg",The Mandalorian,The Mandalorian,8.6
101,"https://m.media-amazon.com/images/M/MV5BNTgxNDZlODQtNDcwOC00NWQ5LTljNWMtMDhjY2U5YTUzMTc4XkEyXkFqcGdeQXVyMDA4NzMyOA@@._V1_UX45_CR0,0,45,67_AL_.jpg",Mad Men,Mad Men,8.6
102,"https://m.media-amazon.com/images/M/MV5BZjYwMWJhOWMtZTc5ZC00MGY0LTg0ZjktMzFhODhhZGZhNDRjXkEyXkFqcGdeQXVyNTA4NzY1MzY@._V1_UX45_CR0,0,45,67_AL_.jpg",Peep Show,Peep Show,8.6
103,"https://m.media-amazon.com/images/M/MV5BNjYxNzBhMmQtZjM4Yy00MGZiLWFmNDAtYmVkZGM0MWNlMTU3XkEyXkFqcGdeQXVyNTA4NzY1MzY@._V1_UY67_CR0,0,45,67_AL_.jpg",Sarabhai V/S Sarabhai,Sarabhai V/S Sarabhai,8.6
104,"https://m.media-amazon.com/images/M/MV5BOWFhYjE4NzMtOWJmZi00NzEyLTg5NTctYmIxMTU1ZDIxMDAyXkEyXkFqcGdeQXVyNTE1NjY5Mg@@._V1_UY67_CR1,0,45,67_AL_.jpg",Star Trek: The Next Generation,Star Trek: The Next Generation,8.6
105,"https://m.media-amazon.com/images/M/MV5BOTU0ODg2ODMtZDQ0OS00N2MzLWIwYWUtZDQ2N2E2ZTZiNzI1XkEyXkFqcGdeQXVyNjc3MjQzNTI@._V1_UY67_CR1,0,45,67_AL_.jpg",The Adventures of Sherlock Holmes,The Adventures of Sherlock Holmes,8.6
106,"https://m.media-amazon.com/images/M/MV5BZWIzNzQ3ZDctODYxYi00YjUwLTg1MDgtMDg4Mzc0NWM4ZGY0XkEyXkFqcGdeQXVyNjAwNDUxODI@._V1_UY67_CR2,0,45,67_AL_.jpg",Kenpuu Denki Berserk,Kenpuu Denki Berserk,8.6
107,"https://m.media-amazon.com/images/M/MV5BYTkxZDVhZGItZjM3Yi00YTU1LTk2ZDYtYTI4NTg2Mjc0NWY1XkEyXkFqcGdeQXVyNTA4NzY1MzY@._V1_UY67_CR2,0,45,67_AL_.jpg",Friday Night Lights,Friday Night Lights,8.6
108,"https://m.media-amazon.com/images/M/MV5BYjkyOWIyZGYtYzU3ZS00NWM2LThjZGEtMDZjZjg2MTI2NzBhXkEyXkFqcGdeQXVyNjI4OTg2Njg@._V1_UX45_CR0,0,45,67_AL_.jpg",The Grand Tour,The Grand Tour,8.6
109,"https://m.media-amazon.com/images/M/MV5BOWFjODRhMDktMTE3My00ODQzLThmODctYmM2ZmU5YmY0ZGVkXkEyXkFqcGdeQXVyMjkwOTAyMDU@._V1_UX45_CR0,0,45,67_AL_.jpg",The Marvelous Mrs. Maisel,The Marvelous Mrs. Maisel,8.6
110,"https://m.media-amazon.com/images/M/MV5BNmM4ODU1MzItODYyYi00Y2U0LWFjZjItYTRhZWIwOGMyZTRhXkEyXkFqcGdeQXVyNjc2NTQ4Nzk@._V1_UY67_CR1,0,45,67_AL_.jpg",House of Cards,House of Cards,8.6
111,"https://m.media-amazon.com/images/M/MV5BYzkwZDgwZmQtOWE4Yy00ZjgyLTgxZTYtZTRiMTg5MWY4NTFiXkEyXkFqcGdeQXVyNTA4NzY1MzY@._V1_UY67_CR1,0,45,67_AL_.jpg",Top Gear,Top Gear,8.6
112,"https://m.media-amazon.com/images/M/MV5BMjJlNjJkNmItNzMyYi00Y2IyLWIwMGQtODllNWI1YjRjNDk2XkEyXkFqcGdeQXVyNjk1Njg5NTA@._V1_UX45_CR0,0,45,67_AL_.jpg",Justice League Unlimited,Justice League Unlimited,8.6
113,"https://m.media-amazon.com/images/M/MV5BNDZkZDdkMjYtMGI3Yi00MmVkLTkzZjQtMGI0NGViNzIzNjhjXkEyXkFqcGdeQXVyMDA4NzMyOA@@._V1_UY67_CR0,0,45,67_AL_.jpg",1883,1883,8.6
114,"https://m.media-amazon.com/images/M/MV5BZjc0ZDA5OTItYzhjNi00ZTJjLTg4OTYtZjk3NzBhODRlMTViXkEyXkFqcGdeQXVyMjc5OTMxMzQ@._V1_UY67_CR1,0,45,67_AL_.jpg",The Thick of It,The Thick of It,8.6
115,"https://m.media-amazon.com/images/M/MV5BMTExZDZjNTMtNDVmNy00ZTk2LWFiMzUtZDlkZGRlOGU0ZWRmXkEyXkFqcGdeQXVyMjExMjk0ODk@._V1_UY67_CR1,0,45,67_AL_.jpg",Line of Duty,Line of Duty,8.6
116,"https://m.media-amazon.com/images/M/MV5BODFmYTUwYzMtM2M2My00NGExLWIzMDctYmRjNTNhZDc4MGI2XkEyXkFqcGdeQXVyMTMzNDExODE5._V1_UY67_CR1,0,45,67_AL_.jpg",Bleach: Sennen Kessen-hen,Bleach: Sennen Kessen-hen,8.6
117,"https://m.media-amazon.com/images/M/MV5BMGE1MTlmNmYtMTg4Zi00NWRmLWIxMzktMTViNjRmYTQ5NDI2XkEyXkFqcGdeQXVyODAzNzAwOTU@._V1_UY67_CR1,0,45,67_AL_.jpg",Mahabharat,Mahabharat,8.6
118,"https://m.media-amazon.com/images/M/MV5BZTEyNjBjYmYtYWYxYi00MmQyLThlYmItY2I4NzM1Mjg1MWYxXkEyXkFqcGdeQXVyMTU3ODI3MTk2._V1_UY67_CR0,0,45,67_AL_.jpg",The Crown,The Crown,8.6
119,"https://m.media-amazon.com/images/M/MV5BNWRkMjA0NjItMmViYS00MDQyLTgyMWYtOWFmOTA4NmU5MjRjXkEyXkFqcGdeQXVyNDY4NjAxNTc@._V1_UY67_CR1,0,45,67_AL_.jpg",Aspirants,Aspirants,8.6
120,"https://m.media-amazon.com/images/M/MV5BZDZjY2I5ZjEtZGE2MS00ZjRmLTlmMGEtMDQ5ZmZhZWJjYzk3XkEyXkFqcGdeQXVyNDg4MjkzNDk@._V1_UY67_CR1,0,45,67_AL_.jpg",Behzat Ç.: Bir Ankara Polisiyesi,Behzat Ç.: Bir Ankara Polisiyesi,8.6
121,"https://m.media-amazon.com/images/M/MV5BNWNmNDEwY2YtNmUzZi00YjEzLWFkZDQtZjhiN2M1YmVkYmFjXkEyXkFqcGdeQXVyNjc4NTExMTk@._V1_UY67_CR0,0,45,67_AL_.jpg",Father Ted,Father Ted,8.6
122,"https://m.media-amazon.com/images/M/MV5BNDJhMjUzMDYtNzc4MS00Nzk2LTkyMGQtN2M5NTczYTZmYmY5XkEyXkFqcGdeQXVyMzU3MTc5OTE@._V1_UY67_CR0,0,45,67_AL_.jpg",Deadwood,Deadwood,8.6
123,"https://m.media-amazon.com/images/M/MV5BNzYxYWY3YzctZjRiNS00MTViLTk5OTYtZDEyNzAwNGE5ODY0XkEyXkFqcGdeQXVyODUxOTU0OTg@._V1_UY67_CR0,0,45,67_AL_.jpg",This Is Us,This Is Us,8.6
124,"https://m.media-amazon.com/images/M/MV5BYWNkOTg0OTMtZTcyNy00MWU1LWJhZDQtYjQzMjU1NjBhYzI2XkEyXkFqcGdeQXVyOTE4NzcwNzI@._V1_UY67_CR0,0,45,67_AL_.jpg",Parks and Recreation,Parks and Recreation,8.6
125,"https://m.media-amazon.com/images/M/MV5BZDA0MmM4YzUtMzYwZC00OGI2LWE0ODctNzNhNTkwN2FmNTVhXkEyXkFqcGdeQXVyNTA4NzY1MzY@._V1_UY67_CR0,0,45,67_AL_.jpg",The X Files,The X Files,8.6
126,"https://m.media-amazon.com/images/M/MV5BZjkzMmU5MjMtODllZS00OTA5LTk2ZTEtNjdhYjZhMDA5ZTRhXkEyXkFqcGdeQXVyOTA3MTMyOTk@._V1_UY67_CR2,0,45,67_AL_.jpg",Dexter,Dexter,8.6
127,"https://m.media-amazon.com/images/M/MV5BZGU1MzRhNmMtNDExOS00NTk2LWJlYzMtMzc4YWYyN2Q3M2ZmXkEyXkFqcGdeQXVyMTUzMTg2ODkz._V1_UY67_CR4,0,45,67_AL_.jpg",Atlanta,Atlanta,8.6
128,"https://m.media-amazon.com/images/M/MV5BZGFiMWFhNDAtMzUyZS00NmQ2LTljNDYtMmZjNTc5MDUxMzViXkEyXkFqcGdeQXVyNjAwNDUxODI@._V1_UY67_CR1,0,45,67_AL_.jpg",Naruto: Shippûden,Naruto: Shippûden,8.6
129,"https://m.media-amazon.com/images/M/MV5BMjI0OTc3MzY5Ml5BMl5BanBnXkFtZTgwNjk3MDUyNDE@._V1_UY67_CR0,0,45,67_AL_.jpg",The Jinx: The Life and Deaths of Robert Durst,The Jinx: The Life and Deaths of Robert Durst,8.6
130,"https://m.media-amazon.com/images/M/MV5BYjk3Y2U3NjEtMjNhYi00YTZmLWEzOTgtZWI4N2Y4NzlmNWExXkEyXkFqcGdeQXVyODk2MzQ0OTc@._V1_UY67_CR2,0,45,67_AL_.jpg",Primal,Primal,8.6
131,"https://m.media-amazon.com/images/M/MV5BYzZjY2MzYTAtMmQxMi00MWVjLTlkZGQtYjJmNWVhODY3YjdjXkEyXkFqcGdeQXVyNjAwNDUxODI@._V1_UY67_CR1,0,45,67_AL_.jpg",Code Geass: Hangyaku no Lelouch,Code Geass: Hangyaku no Lelouch,8.6
132,"https://m.media-amazon.com/images/M/MV5BMjQ3MDAzNDU4NV5BMl5BanBnXkFtZTgwNjE2NDQ0NzE@._V1_UY67_CR1,0,45,67_AL_.jpg",Bron/Broen,Bron/Broen,8.6
133,"https://m.media-amazon.com/images/M/MV5BMTI4NDc1NDg0N15BMl5BanBnXkFtZTYwNjk0MTc5._V1_UY67_CR1,0,45,67_AL_.jpg",Blackadder II,Blackadder II,8.6
134,"https://m.media-amazon.com/images/M/MV5BYjNjZDliYmItZDE0NC00ZGY3LTk0ZDEtZGI5MjAxZjQwMDE4XkEyXkFqcGdeQXVyMjM5NzU3OTM@._V1_UY67_CR3,0,45,67_AL_.jpg",Critical Role,Critical Role,8.6
135,"https://m.media-amazon.com/images/M/MV5BYjJhMjcwNjAtODc0ZC00Yjg5LWExYzEtMzc5OWJhNjI1NTQ4XkEyXkFqcGdeQXVyNTA3MTU2MjE@._V1_UX45_CR0,0,45,67_AL_.jpg",Daredevil,Daredevil,8.6
136,"https://m.media-amazon.com/images/M/MV5BM2ZkYTAwMGMtOGEwOS00MzBjLTgxOGYtZTYwY2E1ZjMyZmY4XkEyXkFqcGdeQXVyNTgyNTA4MjM@._V1_UX45_CR0,0,45,67_AL_.jpg",Monster,Monster,8.6
137,"https://m.media-amazon.com/images/M/MV5BZWIyNGI1N2YtNzRlZS00NTFjLTk5MzMtZjQ5MTUwMTljZDZkXkEyXkFqcGdeQXVyMjQwMDg0Ng@@._V1_UY67_CR0,0,45,67_AL_.jpg",It's a Sin,It's a Sin,8.6
138,"https://m.media-amazon.com/images/M/MV5BODFjYWEyOTktMTU3OC00YTBhLWE4ZmEtNTJiYWUzYTYwMjIzXkEyXkFqcGdeQXVyNjU1NDgwMDg@._V1_UY67_CR1,0,45,67_AL_.jpg",Ramayan,Ramayan,8.6
139,"https://m.media-amazon.com/images/M/MV5BMmJmYTg0MDEtN2VjMC00YmUxLWFhNmMtZTBiYjQ2ZGQ5ZWMyXkEyXkFqcGdeQXVyNTE1NjY5Mg@@._V1_UY67_CR0,0,45,67_AL_.jpg",Lonesome Dove,Lonesome Dove,8.6
140,"https://m.media-amazon.com/images/M/MV5BYTIxNjk3YjItYmYzMC00ZTdmLTk0NGUtZmNlZTA0NWFkZDMwXkEyXkFqcGdeQXVyNjAwNDUxODI@._V1_UX45_CR0,0,45,67_AL_.jpg",Kimetsu no Yaiba,Kimetsu no Yaiba,8.6
141,"https://m.media-amazon.com/images/M/MV5BMGFkNGY4NGMtZjY0NC00YTI0LThiZjMtMjBmZGMzOGU3YTdmXkEyXkFqcGdeQXVyMTM0NTUzNDIy._V1_UX45_CR0,0,45,67_AL_.jpg",Adventure Time,Adventure Time,8.6
142,"https://m.media-amazon.com/images/M/MV5BMTg3NTMwMzY2OF5BMl5BanBnXkFtZTgwMDcxMjQ0NDE@._V1_UX45_CR0,0,45,67_AL_.jpg",Archer,Archer,8.6
143,"https://m.media-amazon.com/images/M/MV5BZWMxMjBiZmUtMjM1Yi00ODk4LWE4MjctNmFlYzIzNmE4MmU4XkEyXkFqcGdeQXVyNzEyNTM4MTU@._V1_UY67_CR1,0,45,67_AL_.jpg",Yeh Meri Family,Yeh Meri Family,8.5
144,"https://m.media-amazon.com/images/M/MV5BNWNmYzQ1ZWUtYTQ3ZS00Y2UwLTlkMDctZThlOTJkMGJiNzBiXkEyXkFqcGdeQXVyNjg2NjQwMDQ@._V1_UY67_CR0,0,45,67_AL_.jpg",Mindhunter,Mindhunter,8.5
145,"https://m.media-amazon.com/images/M/MV5BMjM1OTc0MjMtZjFmOS00ZmQ0LTk1ZWItM2U1YTc5ODZjZjI3XkEyXkFqcGdeQXVyNTA4NzY1MzY@._V1_UY67_CR0,0,45,67_AL_.jpg",The Return of Sherlock Holmes,The Return of Sherlock Holmes,8.5
146,"https://m.media-amazon.com/images/M/MV5BMTgzNmNjZGQtMjM3ZC00Y2Y2LTlkZGItM2EwNTM2MmUyMDExXkEyXkFqcGdeQXVyMTMxNjUyMDkx._V1_UY67_CR0,0,45,67_AL_.jpg",Gomorra: La serie,Gomorra: La serie,8.5
147,"https://m.media-amazon.com/images/M/MV5BMGViZTgzNjEtZWQ3My00YjJkLTk2OGUtZDQ1ODg2ZGEyNzhhXkEyXkFqcGdeQXVyNTA4NzY1MzY@._V1_UY67_CR1,0,45,67_AL_.jpg",Blackadder the Third,Blackadder the Third,8.5
148,"https://m.media-amazon.com/images/M/MV5BNTA0OGRiYTMtMjliYS00ZjZkLWI2ODEtMWI5ZmM5OTBjYmNlXkEyXkFqcGdeQXVyNTA4NzY1MzY@._V1_UY67_CR1,0,45,67_AL_.jpg",Mystery Science Theater 3000,Mystery Science Theater 3000,8.5
149,"https://m.media-amazon.com/images/M/MV5BMzU1YWU3ZWItYTA4Yy00M2Q0LTkzZTQtYzFmNzVlZTg1ZTQwXkEyXkFqcGdeQXVyMTM1MTE1NDMx._V1_UY67_CR0,0,45,67_AL_.jpg",The Offer,The Offer,8.5
150,"https://m.media-amazon.com/images/M/MV5BMTAwYzE4NzItY2Q3Zi00NjRmLWE5ZTAtMDM5OWIyMmQ3MTFlXkEyXkFqcGdeQXVyMTkxNjUyNQ@@._V1_UY67_CR0,0,45,67_AL_.jpg",Young Justice,Young Justice,8.5
151,"https://m.media-amazon.com/images/M/MV5BOGFiZjU5NGEtNTAwNS00ZjI2LTg0YTktNjg0ODFlM2E0NGVhXkEyXkFqcGdeQXVyMzQ2MDI5NjU@._V1_UX45_CR0,0,45,67_AL_.jpg",Yellowstone,Yellowstone,8.5
152,"https://m.media-amazon.com/images/M/MV5BNjkyNDI2MTgtN2Y3NS00M2RjLWJhNDMtMmNmZmUwMDQwZTE1XkEyXkFqcGdeQXVyNjAwNDUxODI@._V1_UX45_CR0,0,45,67_AL_.jpg",Haikyuu!!,Haikyuu!!,8.5
153,"https://m.media-amazon.com/images/M/MV5BMGNhODY0ZjktYjY2ZS00MGNkLTg2ZTUtMGEwNGRlMmY3ZjQ4XkEyXkFqcGdeQXVyNTgyNTA4MjM@._V1_UX45_CR0,0,45,67_AL_.jpg",Mr. Bean,Mr. Bean,8.5
154,"https://m.media-amazon.com/images/M/MV5BZTc5NmU1YWUtMzgxNC00YmVmLTk1MDYtNjlkNjQwZGVjMTIzXkEyXkFqcGdeQXVyMDM2NDM2MQ@@._V1_UY67_CR0,0,45,67_AL_.jpg",Dopesick,Dopesick,8.5
155,"https://m.media-amazon.com/images/M/MV5BNThmMzJlNzgtYmY5ZC00MDllLThmZTMtNTRiMjQwNmY0NmRhXkEyXkFqcGdeQXVyMTkxNjUyNQ@@._V1_UY67_CR4,0,45,67_AL_.jpg",Anne,Anne,8.5
156,"https://m.media-amazon.com/images/M/MV5BZDU5NGNkNDEtM2M3OS00OTNiLTk2MTAtZWM5NWI4NDVlOGRlXkEyXkFqcGdeQXVyMTUyNjc3NDQ4._V1_UX45_CR0,0,45,67_AL_.jpg",Poirot,Poirot,8.5
157,"https://m.media-amazon.com/images/M/MV5BMjgyYWUxNGMtMGMwZi00OWIyLTkwN2ItOWYyYWUxYzcyNzUwXkEyXkFqcGdeQXVyNjg0NTcxMTg@._V1_UX45_CR0,0,45,67_AL_.jpg",QI,QI,8.5
158,"https://m.media-amazon.com/images/M/MV5BY2NhZWM1N2YtZmU4ZS00NmVmLWFkMmYtNTQxNjExNmJhYzA0XkEyXkFqcGdeQXVyNjg1NzcwODE@._V1_UY67_CR2,0,45,67_AL_.jpg",Yes Minister,Yes Minister,8.5
159,"https://m.media-amazon.com/images/M/MV5BMTU1NmYwMTAtNzNjOS00NDNkLWI0ZmMtMDYxYWEyYzIxYTNjXkEyXkFqcGdeQXVyNjA1MTI4NjA@._V1_UY67_CR4,0,45,67_AL_.jpg",Heartstopper,Heartstopper,8.5
160,"https://m.media-amazon.com/images/M/MV5BNzRjNGVhNDMtODI0ZS00NGNhLWE2MTctMGRkMzdhZmQ1YWY4XkEyXkFqcGdeQXVyNDIzMzcwNjc@._V1_UY67_CR0,0,45,67_AL_.jpg",Justified,Justified,8.5
161,"https://m.media-amazon.com/images/M/MV5BNmNiZTFlMTAtYWZjNS00NGFlLWFkMTItOWRhOTBjN2Y1NDYxXkEyXkFqcGdeQXVyMTUyNjc3NDQ4._V1_UY67_CR4,0,45,67_AL_.jpg",Pose,Pose,8.5
162,"https://m.media-amazon.com/images/M/MV5BYTYxNzc5ZmYtODcyNi00ZWUwLWExNWUtY2Y0YTlhZDBlMGU1XkEyXkFqcGdeQXVyNzQ1ODk3MTQ@._V1_UY67_CR0,0,45,67_AL_.jpg",Boardwalk Empire,Boardwalk Empire,8.5
163,"https://m.media-amazon.com/images/M/MV5BZDI0OWIwMTgtZGIyOC00ODRhLWIwNjAtOWViZmMwOWYwOGViXkEyXkFqcGdeQXVyNTE1NjY5Mg@@._V1_UY67_CR0,0,45,67_AL_.jpg",The Newsroom,The Newsroom,8.5
164,"https://m.media-amazon.com/images/M/MV5BMTg4Mjc1NjE4Ml5BMl5BanBnXkFtZTgwMjk2NjA1NjM@._V1_UY67_CR0,0,45,67_AL_.jpg",Making a Murderer,Making a Murderer,8.5
165,"https://m.media-amazon.com/images/M/MV5BMzRiZWUyN2YtNDI4YS00NTg2LTg0OTgtMGI2ZjU4ODQ4Yjk3XkEyXkFqcGdeQXVyNTI5NjIyMw@@._V1_UY67_CR1,0,45,67_AL_.jpg",Sa-rang-eui bul-shi-chak,Sa-rang-eui bul-shi-chak,8.5
166,"https://m.media-amazon.com/images/M/MV5BZTE2NWRmZDAtMjc4OC00NThhLTg2OTMtNzUwNTg1MDkyY2Y5XkEyXkFqcGdeQXVyMTUyNjc3NDQ4._V1_UX45_CR0,0,45,67_AL_.jpg",The Bugs Bunny Show,The Bugs Bunny Show,8.5
167,"https://m.media-amazon.com/images/M/MV5BMTU4NzA4MDEwNF5BMl5BanBnXkFtZTgwMTQxODYzNjM@._V1_UY67_CR0,0,45,67_AL_.jpg",The Haunting of Hill House,The Haunting of Hill House,8.5
168,"https://m.media-amazon.com/images/M/MV5BZWI4YTVhYmMtZmZjNS00MmFjLTkyMDItNzcxYjVjZjZmODliXkEyXkFqcGdeQXVyMzM4NjcxOTc@._V1_UY67_CR0,0,45,67_AL_.jpg",The Eric Andre Show,The Eric Andre Show,8.5
169,"https://m.media-amazon.com/images/M/MV5BM2EwMmRhMmUtMzBmMS00ZDQ3LTg4OGEtNjlkODk3ZTMxMmJlXkEyXkFqcGdeQXVyMjM5ODk1NDU@._V1_UY67_CR0,0,45,67_AL_.jpg",The Queen's Gambit,The Queen's Gambit,8.5
170,"https://m.media-amazon.com/images/M/MV5BZGQxYzExOGEtYjE2Ni00YzNlLTkyMGEtZTM0NDE3ZTIzODU1XkEyXkFqcGdeQXVyNTgyNTA4MjM@._V1_UX45_CR0,0,45,67_AL_.jpg",Justice League,Justice League,8.5
171,"https://m.media-amazon.com/images/M/MV5BYzI0YjYxY2UtNzRjNS00NTZiLTgzMDItNGEzMjU5MmE0ZWJmXkEyXkFqcGdeQXVyNjAwNDUxODI@._V1_UX45_CR0,0,45,67_AL_.jpg",Dragon Ball: Doragon bôru,Dragon Ball: Doragon bôru,8.5
172,"https://m.media-amazon.com/images/M/MV5BNTM4M2VhY2UtZTJmMi00YmFjLTk4OWItMzU2ZDA3NTUxZjYxXkEyXkFqcGdeQXVyNTA4NzY1MzY@._V1_UY67_CR1,0,45,67_AL_.jpg",Flight of the Conchords,Flight of the Conchords,8.5
173,"https://m.media-amazon.com/images/M/MV5BNDYyNTJkNmItYjgxNC00ODliLTg2MGMtZjkxNjEwYzdjNjUxXkEyXkFqcGdeQXVyNTA4NzY1MzY@._V1_UY67_CR4,0,45,67_AL_.jpg",Dragon Ball,Dragon Ball,8.5
174,"https://m.media-amazon.com/images/M/MV5BYTVmZTRhNWItNmQ3Yi00MzNiLWJiZTctOWMyOWRlMDY4YWMyXkEyXkFqcGdeQXVyNjc3MjQzNTI@._V1_UY67_CR1,0,45,67_AL_.jpg",Homicide: Life on the Street,Homicide: Life on the Street,8.5
175,"https://m.media-amazon.com/images/M/MV5BZjM3ZmY2YzAtZjY1My00OTJjLWI5M2QtYmYxNDQ1OTBkY2E2XkEyXkFqcGdeQXVyMzQxNzU3NA@@._V1_UX45_CR0,0,45,67_AL_.jpg",El Chavo del Ocho,El Chavo del Ocho,8.5
176,"https://m.media-amazon.com/images/M/MV5BNjYwZjJhZDgtMDc2Mi00Y2U4LThjMzItZmYyZDYzZDNjMDI5XkEyXkFqcGdeQXVyNTA4NzY1MzY@._V1_UX45_CR0,0,45,67_AL_.jpg",The Venture Bros.,The Venture Bros.,8.5
177,"https://m.media-amazon.com/images/M/MV5BZjJlYzgzOWUtZmJlZi00ZGM4LTliNzctNWFkNThlMDJhZDQxXkEyXkFqcGdeQXVyNTA4NzY1MzY@._V1_UX45_CR0,0,45,67_AL_.jpg",Battlestar Galactica,Battlestar Galactica,8.5
178,"https://m.media-amazon.com/images/M/MV5BOGRmMDEwOWUtNGI0Ny00YWY3LTkxNmEtZTkwN2FjMjU1YzgwXkEyXkFqcGdeQXVyNTk0MTE2NzU@._V1_UY67_CR2,0,45,67_AL_.jpg",Le Bureau des Légendes,Le Bureau des Légendes,8.5
179,"https://m.media-amazon.com/images/M/MV5BMzU4NmRkMTctZWQzMi00OGQwLWFjZGEtMTRlZGNmMDdhOGYzXkEyXkFqcGdeQXVyMTA0MTM5NjI2._V1_UX45_CR0,0,45,67_AL_.jpg",Coupling,Coupling,8.5
180,"https://m.media-amazon.com/images/M/MV5BZjhlYTllNzgtOTQ5Ni00MTI1LWJmZjktOTc2NTZkYWVlYjllXkEyXkFqcGdeQXVyMDA4NzMyOA@@._V1_UY67_CR1,0,45,67_AL_.jpg",Impractical Jokers,Impractical Jokers,8.5
181,"https://m.media-amazon.com/images/M/MV5BMmNjODUxNzctOWU2Zi00ZGU3LWI2MDEtMjZjNjE2MmJiMDZiXkEyXkFqcGdeQXVyNTA4NzY1MzY@._V1_UY67_CR1,0,45,67_AL_.jpg",Spaced,Spaced,8.5
182,"https://m.media-amazon.com/images/M/MV5BMzVkMGU0YWMtOWQxMC00MjFhLTg1NjAtMDFlZTZlYzJlMjlhXkEyXkFqcGdeQXVyMTMxODk2OTU@._V1_UY67_CR1,0,45,67_AL_.jpg",Formula 1: Drive to Survive,Formula 1: Drive to Survive,8.5
183,"https://m.media-amazon.com/images/M/MV5BYjAzMzc3OTMtZTAzNi00OWI0LWJmOGEtYjI3MWZmY2IzNDkxXkEyXkFqcGdeQXVyMTk0MjQ3Nzk@._V1_UY67_CR1,0,45,67_AL_.jpg",Senke nad Balkanom,Senke nad Balkanom,8.5
184,"https://m.media-amazon.com/images/M/MV5BNWYwNGMwNTItMzZiNS00YTNhLTg5ZDItOTE5YzdhYWRjOWQ2XkEyXkFqcGdeQXVyMTUzMTg2ODkz._V1_UY67_CR0,0,45,67_AL_.jpg",What We Do in the Shadows,What We Do in the Shadows,8.5
185,"https://m.media-amazon.com/images/M/MV5BMjkyZjY5Y2UtZmE1Ny00Mzk0LWEwZjgtYjYxZTYwNjhmMGIzXkEyXkFqcGdeQXVyNDMwODE5NDA@._V1_UX45_CR0,0,45,67_AL_.jpg","Yes, Prime Minister","Yes, Prime Minister",8.5
186,"https://m.media-amazon.com/images/M/MV5BYTAxNWFmMTktMDVjNC00YWFkLTg2NDQtNjQwODZlYmQ2YTA2XkEyXkFqcGdeQXVyNTAyODkwOQ@@._V1_UX45_CR0,0,45,67_AL_.jpg",Long Way Round,Long Way Round,8.5
187,"https://m.media-amazon.com/images/M/MV5BMzg1NmFlMzctYmVkNC00Y2M4LTgyOGQtNjkyYWFkZDQ4MGJjXkEyXkFqcGdeQXVyNjAwNDUxODI@._V1_UY67_CR0,0,45,67_AL_.jpg",Samurai chanpurû,Samurai chanpurû,8.5
188,"https://m.media-amazon.com/images/M/MV5BMzRjZWVmMzItNTdmYS00OWEzLTgyOGUtNThiNTU2ZThlYjY0XkEyXkFqcGdeQXVyMTIxMDk2NDE4._V1_UY67_CR4,0,45,67_AL_.jpg",The Family Man,The Family Man,8.5
189,"https://m.media-amazon.com/images/M/MV5BMjE5MThjMzAtNWVmNC00YThkLTlmNzktMTM3Yzk4YTZhMTgwXkEyXkFqcGdeQXVyNTAyODkwOQ@@._V1_UY67_CR1,0,45,67_AL_.jpg",The IT Crowd,The IT Crowd,8.5
190,"https://m.media-amazon.com/images/M/MV5BM2QyNDIzOGMtNThhNS00NmUwLWI0ZjUtZjdkN2I1OTRjZWQ3XkEyXkFqcGdeQXVyNzQ1ODk3MTQ@._V1_UY67_CR1,0,45,67_AL_.jpg",Mr. Robot,Mr. Robot,8.5
191,"https://m.media-amazon.com/images/M/MV5BYmI1ZmI3ODctMThmMS00OTliLWIyZmYtOWQ2MDA3Nzg2NWI0XkEyXkFqcGdeQXVyOTMyODgwOTQ@._V1_UX45_CR0,0,45,67_AL_.jpg",I'm Alan Partridge,I'm Alan Partridge,8.5
192,"https://m.media-amazon.com/images/M/MV5BOGI0ZjA5ZmUtMTY1ZC00NjZjLTk0MGEtNmQ2YTczY2Q3YTc0XkEyXkFqcGdeQXVyNDA5NTgxNjU@._V1_UY67_CR2,0,45,67_AL_.jpg",Louie,Louie,8.5
193,"https://m.media-amazon.com/images/M/MV5BYmJjMTVhYjQtMjBmMC00NWYxLTk2YmEtYWIxZDUzYjljZTYxXkEyXkFqcGdeQXVyNTA4NzY1MzY@._V1_UY67_CR0,0,45,67_AL_.jpg",Whose Line Is It Anyway?,Whose Line Is It Anyway?,8.5
194,"https://m.media-amazon.com/images/M/MV5BNGI3ZTgwMzItMTA0ZC00NTFhLTkzNTQtMDBkMDc2NmVmY2NkXkEyXkFqcGdeQXVyMTM1MTE1NDMx._V1_UY67_CR0,0,45,67_AL_.jpg",The Rehearsal,The Rehearsal,8.5
195,"https://m.media-amazon.com/images/M/MV5BYWI2YmI2ZmMtMTZjMC00MzMzLWI5ODItNDY1OTg3YjNmZmUxXkEyXkFqcGdeQXVyNDA5NTgxNjU@._V1_UY67_CR1,0,45,67_AL_.jpg",The Office,The Office,8.5
196,"https://m.media-amazon.com/images/M/MV5BMDhkMTY2NGQtMWY4Mi00ZjhmLWIzNGYtZDJhODkwNTM5NTIzXkEyXkFqcGdeQXVyNDk3NDEzMzk@._V1_UY67_CR0,0,45,67_AL_.jpg",Through the Wormhole,Through the Wormhole,8.5
197,"https://m.media-amazon.com/images/M/MV5BMzRjOWYyNDUtYTJhMC00ZmZmLThlYmYtOWJkMzk4MGQ2NDFhXkEyXkFqcGdeQXVyMjQyMDc5MA@@._V1_UX45_CR0,0,45,67_AL_.jpg",Letterkenny,Letterkenny,8.5
198,"https://m.media-amazon.com/images/M/MV5BYWIwZjhkMzgtOWExYi00ZGIwLTg1ZTktNjQyZWIxYWFmZTc0XkEyXkFqcGdeQXVyNjAwNDUxODI@._V1_UX45_CR0,0,45,67_AL_.jpg",Mob Psycho 100,Mob Psycho 100,8.5
199,"https://m.media-amazon.com/images/M/MV5BNDY3Y2E1NWYtMTFkZS00MzlmLTk2ZTItMTAyY2QxZDU1NjZhXkEyXkFqcGdeQXVyMTA0MTM5NjI2._V1_UX45_CR0,0,45,67_AL_.jpg",Samurai Jack,Samurai Jack,8.5
200,"https://m.media-amazon.com/images/M/MV5BMjIzOTY1YTYtNmRhMC00MzAxLWEzMzUtM2ZiMmYwNTY0MjMyXkEyXkFqcGdeQXVyNDg4MjkzNDk@._V1_UY67_CR1,0,45,67_AL_.jpg",Ezel,Ezel,8.5
201,"https://m.media-amazon.com/images/M/MV5BZGUyOWJiYTUtN2E0Ni00MGUwLTk4ZjktYzc3ZmRkNzVlNTU0XkEyXkFqcGdeQXVyMTExNDQ2MTI@._V1_UX45_CR0,0,45,67_AL_.jpg",Detectorists,Detectorists,8.5
202,"https://m.media-amazon.com/images/M/MV5BZWQ4MjA2YzEtOTQzYi00NWQ1LWI0ZDEtN2VkZjhmYTc3MzU0XkEyXkFqcGdeQXVyNDIzMzcwNjc@._V1_UY67_CR0,0,45,67_AL_.jpg",Spartacus: Blood and Sand,Spartacus: Blood and Sand,8.5
203,"https://m.media-amazon.com/images/M/MV5BN2Q3ZTBmNjItOTM2Mi00ZjA4LWI5MTEtMTkzNDJmM2EwOWJkXkEyXkFqcGdeQXVyNDI3NjU1NzQ@._V1_UX45_CR0,0,45,67_AL_.jpg",Endeavour,Endeavour,8.5
204,"https://m.media-amazon.com/images/M/MV5BZDgxNjQ2MjMtMjk2Yi00M2Q2LWI0ZDktOGM1NWI5YWUzMjk4XkEyXkFqcGdeQXVyOTA3MTMyOTk@._V1_UX45_CR0,0,45,67_AL_.jpg",Shameless,Shameless,8.5
205,"https://m.media-amazon.com/images/M/MV5BYTMxMGY1OGQtZmUzNy00NjhmLTlhNzItZDBiNzhlMTgwZjZlXkEyXkFqcGdeQXVyNDIzMzcwNjc@._V1_UY67_CR0,0,45,67_AL_.jpg",Sons of Anarchy,Sons of Anarchy,8.5
206,"https://m.media-amazon.com/images/M/MV5BNWU4MTA0ZTItZmUyYi00ZGY3LWE2NTYtMDQ3N2RkZjcwYjk4XkEyXkFqcGdeQXVyMTkxNjUyNQ@@._V1_UY67_CR0,0,45,67_AL_.jpg",Mr Inbetween,Mr Inbetween,8.5
207,"https://m.media-amazon.com/images/M/MV5BMTAzNzlhYjItN2MxZS00ZTg4LWFmZGQtN2I1ZWE5YjgzODY3XkEyXkFqcGdeQXVyNjk1NzU1Mjk@._V1_UY67_CR1,0,45,67_AL_.jpg",I-sang-han byeon-ho-sa U-yeong-u,I-sang-han byeon-ho-sa U-yeong-u,8.5
208,"https://m.media-amazon.com/images/M/MV5BODZkZjUxNmEtMGEyOS00ZDY5LTkxZDMtZTJkZDBiZTkyOWRkXkEyXkFqcGdeQXVyNjAwNDUxODI@._V1_UY67_CR1,0,45,67_AL_.jpg",Shinseiki Evangelion,Shinseiki Evangelion,8.5
209,"https://m.media-amazon.com/images/M/MV5BOGRjYzI3OGEtZDFmNi00OWQxLWFjODgtZDUyNWMxYjI4MjA5XkEyXkFqcGdeQXVyNTA4NzY1MzY@._V1_UY67_CR0,0,45,67_AL_.jpg",Brass Eye,Brass Eye,8.5
210,"https://m.media-amazon.com/images/M/MV5BOTA0NTAwMTc1MF5BMl5BanBnXkFtZTgwODk2NjY0ODE@._V1_UY67_CR1,0,45,67_AL_.jpg",Trailer Park Boys,Trailer Park Boys,8.5
211,"https://m.media-amazon.com/images/M/MV5BYjU4NGI4MjQtOTJlZC00Y2UxLWFiMDAtODJhZDFmYmVjMTY3XkEyXkFqcGdeQXVyNTE1NjY5Mg@@._V1_UY67_CR1,0,45,67_AL_.jpg",North & South,North & South,8.5
212,"https://m.media-amazon.com/images/M/MV5BZWZiNWI0MzgtMDMyYS00NDY2LWI0Y2YtNTQ2ZWJhNzU2NTEyXkEyXkFqcGdeQXVyOTA3MTMyOTk@._V1_UX45_CR0,0,45,67_AL_.jpg",Twin Peaks,Twin Peaks,8.5
213,"https://m.media-amazon.com/images/M/MV5BMzc5NmE5ZDItZGQxZC00ZTdhLThlYzktYjE0NWIyZDM3OGRlXkEyXkFqcGdeQXVyNTA4NzY1MzY@._V1_UY67_CR0,0,45,67_AL_.jpg",Skam,Skam,8.5
214,"https://m.media-amazon.com/images/M/MV5BZDg1OWRiMTktZDdiNy00NTZlLTg2Y2EtNWRiMTcxMGE5YTUxXkEyXkFqcGdeQXVyMTM2MDY0OTYx._V1_UY67_CR0,0,45,67_AL_.jpg",Westworld,Westworld,8.5
215,"https://m.media-amazon.com/images/M/MV5BZWJhYjFmZDEtNTVlYy00NGExLWJhZWItNTAxODY5YTc3MDFmXkEyXkFqcGdeQXVyMTkxNjUyNQ@@._V1_UY67_CR1,0,45,67_AL_.jpg",Doctor Who,Doctor Who,8.5
216,"https://m.media-amazon.com/images/M/MV5BMmI5NmFlZjItOTBhOC00NGI0LWIyNDAtODJhOTJjZDEyMTYyXkEyXkFqcGdeQXVyNjAwNDUxODI@._V1_UX45_CR0,0,45,67_AL_.jpg",Hagane no renkinjutsushi,Hagane no renkinjutsushi,8.5
217,"https://m.media-amazon.com/images/M/MV5BMTYyMjI4NzYxOF5BMl5BanBnXkFtZTcwNTUwMTc1NA@@._V1_UX45_CR0,0,45,67_AL_.jpg",Spartacus: Gods of the Arena,Spartacus: Gods of the Arena,8.5
218,"https://m.media-amazon.com/images/M/MV5BM2Q5YjNjZWMtYThmYy00N2ZjLWE2NDctNmZjMmZjYWE2NjEwXkEyXkFqcGdeQXVyMTAzMDM4MjM0._V1_UY67_CR1,0,45,67_AL_.jpg",Silicon Valley,Silicon Valley,8.5
219,"https://m.media-amazon.com/images/M/MV5BYjQ0YTdhZDctYzg5YS00NTNkLThiOWYtNDI5OTYzMGRkYWUyXkEyXkFqcGdeQXVyOTIxMzQ0NzU@._V1_UY67_CR2,0,45,67_AL_.jpg",Rocket Boys,Rocket Boys,8.5
220,"https://m.media-amazon.com/images/M/MV5BNzA2ZDk2ZTUtMWU2Yi00NDVmLTk1ODEtMmFmMjQyNWYzODI0XkEyXkFqcGdeQXVyNTA4NzY1MzY@._V1_UX45_CR0,0,45,67_AL_.jpg",Futurama,Futurama,8.5
221,"https://m.media-amazon.com/images/M/MV5BMTc4MGZlZGEtODY1My00MmI4LWJkNDYtMDQwNThhM2Q0MTg1XkEyXkFqcGdeQXVyNTE1NjY5Mg@@._V1_UY67_CR0,0,45,67_AL_.jpg",From the Earth to the Moon,From the Earth to the Moon,8.5
222,"https://m.media-amazon.com/images/M/MV5BM2FiOWE5MjctNWMxMC00ZTE5LWFmMGMtNzVlZjRhZDMzNTFmXkEyXkFqcGdeQXVyNTAyODkwOQ@@._V1_UY67_CR1,0,45,67_AL_.jpg",Rurouni Kenshin: Meiji Kenkaku Romantan: Tsuioku Hen,Rurouni Kenshin: Meiji Kenkaku Romantan: Tsuioku Hen,8.5
223,"https://m.media-amazon.com/images/M/MV5BNTBmYTQ5ZDYtM2NjMC00M2Q2LTg4NDAtODUxZTk0ZmFjMGVjXkEyXkFqcGdeQXVyNzQ5MzY0NjM@._V1_UY67_CR2,0,45,67_AL_.jpg",Happy Valley,Happy Valley,8.5
224,"https://m.media-amazon.com/images/M/MV5BNWQ1ZmM3MTQtNTVhZC00MWVlLWI5ZjgtYmZiYWQxZjUzZWM0XkEyXkFqcGdeQXVyMzQ2MDI5NjU@._V1_UX45_CR0,0,45,67_AL_.jpg",Schitt's Creek,Schitt's Creek,8.4
225,"https://m.media-amazon.com/images/M/MV5BNWU5YmJhNWEtZGVlOS00NmRhLThmNzUtYjAyMDA2MDg5ZTM4XkEyXkFqcGdeQXVyNDIzMzcwNjc@._V1_UY67_CR1,0,45,67_AL_.jpg",Hannibal,Hannibal,8.4
226,"https://m.media-amazon.com/images/M/MV5BZjIyNWRlNTEtZDFmOC00YjJkLWJiNDktNWQzMmI1MmQyMDMyXkEyXkFqcGdeQXVyMzQ4MjE5ODk@._V1_UY67_CR1,0,45,67_AL_.jpg",Umbre,Umbre,8.4
227,"https://m.media-amazon.com/images/M/MV5BNWJjZjQ5NWUtMTkwZC00NGY2LWEyMDEtMGIyZThkMmMyZTZlXkEyXkFqcGdeQXVyMTI2MzY3NTA3._V1_UX45_CR0,0,45,67_AL_.jpg",Regular Show,Regular Show,8.4
228,"https://m.media-amazon.com/images/M/MV5BZDVmMDljM2QtZDkzZC00ZDg2LWFiMGItZjNiNjliZjg2MGEzXkEyXkFqcGdeQXVyMjkwOTAyMDU@._V1_UX45_CR0,0,45,67_AL_.jpg",The Expanse,The Expanse,8.4
229,"https://m.media-amazon.com/images/M/MV5BNDQ5NDZiYjktZmFmMy00MjAxLTk1MDktOGZjYTY5YTE1ODdmXkEyXkFqcGdeQXVyNjcwMzEzMTU@._V1_UY67_CR1,0,45,67_AL_.jpg",Community,Community,8.4
230,"https://m.media-amazon.com/images/M/MV5BMTMwMDM4N2EtOTJiYy00OTQ0LThlZDYtYWUwOWFlY2IxZGVjXkEyXkFqcGdeQXVyNjAwNDUxODI@._V1_UX45_CR0,0,45,67_AL_.jpg",Jujutsu Kaisen,Jujutsu Kaisen,8.4
231,"https://m.media-amazon.com/images/M/MV5BYWU4ZmI0NTItZjcyNy00MzQ5LThiNDQtZDZkNjg1NWUwN2RhXkEyXkFqcGdeQXVyMTUzMTg2ODkz._V1_UY67_CR0,0,45,67_AL_.jpg",Cobra Kai,Cobra Kai,8.4
232,"https://m.media-amazon.com/images/M/MV5BODU3Nzg5NGMtOTE2MS00YWQ0LTgyYzktMWM3YjNmYjlmZTliXkEyXkFqcGdeQXVyMTMxODk2OTU@._V1_UY67_CR0,0,45,67_AL_.jpg",L'amica geniale,L'amica geniale,8.4
233,"https://m.media-amazon.com/images/M/MV5BMjE3MDQ2OTYyN15BMl5BanBnXkFtZTgwNjQ0Nzg0NzM@._V1_UY67_CR0,0,45,67_AL_.jpg",Chef's Table,Chef's Table,8.4
234,"https://m.media-amazon.com/images/M/MV5BODk2NjQ5OGYtYTVlMi00ZWM2LTk4OGYtZjcwNjg1MzVjOGMxXkEyXkFqcGdeQXVyNTE1NjY5Mg@@._V1_UY67_CR0,0,45,67_AL_.jpg",Wentworth,Wentworth,8.4
235,"https://m.media-amazon.com/images/M/MV5BNzU0MTFiNjUtNzIxMi00ZGZiLTgwZmUtMjIxOWNmMDE0NTE1XkEyXkFqcGdeQXVyNjg0NTcxMTg@._V1_UX45_CR0,0,45,67_AL_.jpg",Derry Girls,Derry Girls,8.4
236,"https://m.media-amazon.com/images/M/MV5BMTM2NjAxOTQzNl5BMl5BanBnXkFtZTcwMjk4NzU3MQ@@._V1_UY67_CR2,0,45,67_AL_.jpg",Generation Kill,Generation Kill,8.4
237,"https://m.media-amazon.com/images/M/MV5BYThlNWY5ZDgtYTIxNC00ZjdiLWJmNGUtMDFjMDlmZTAzOWFiXkEyXkFqcGdeQXVyNTM4NzAzNjc@._V1_UX45_CR0,0,45,67_AL_.jpg",Shigatsu wa kimi no uso,Shigatsu wa kimi no uso,8.4
238,"https://m.media-amazon.com/images/M/MV5BMjQyOTgxMDI0Nl5BMl5BanBnXkFtZTgwOTE4MzczOTE@._V1_UY67_CR0,0,45,67_AL_.jpg",The Night Of,The Night Of,8.4
239,"https://m.media-amazon.com/images/M/MV5BYzExNjRkZmItYzFlNi00ZWI5LWE2MTEtNTcyZDQ1Y2QyZjBiXkEyXkFqcGdeQXVyNjg3MDM4Mzc@._V1_UY67_CR1,0,45,67_AL_.jpg",The Angry Video Game Nerd,The Angry Video Game Nerd,8.4
240,"https://m.media-amazon.com/images/M/MV5BOWQ1OGI0ZTItOTNkYi00NWFhLWE3ZWYtODVmMjkzMmM1NDYwXkEyXkFqcGdeQXVyNTA4NzY1MzY@._V1_UY67_CR1,0,45,67_AL_.jpg",Alfred Hitchcock Presents,Alfred Hitchcock Presents,8.4
241,"https://m.media-amazon.com/images/M/MV5BZDEzNzk4YmQtYWRhMi00ZGRmLTg2M2YtZjM2YTY0MWE1YWYwXkEyXkFqcGdeQXVyNDQ2MTMzODA@._V1_UY67_CR1,0,45,67_AL_.jpg",Avrupa Yakasi,Avrupa Yakasi,8.4
242,"https://m.media-amazon.com/images/M/MV5BZmNiZTk5MDQtMjIwMi00ZDU4LTgxOWMtODYwOGU5N2E5YzY0XkEyXkFqcGdeQXVyNjAwNDUxODI@._V1_UY67_CR1,0,45,67_AL_.jpg",Gintama,Gintama,8.4
243,"https://m.media-amazon.com/images/M/MV5BMjAwNzQ4MTMyMF5BMl5BanBnXkFtZTcwMDk3NTYyNw@@._V1_UY67_CR1,0,45,67_AL_.jpg",Southland,Southland,8.4
244,"https://m.media-amazon.com/images/M/MV5BZmNjYzdjN2ItOTBlNy00Mjc0LWE4YmMtYTQ4ZjQzNTMyNDc4XkEyXkFqcGdeQXVyMTkxNjUyNQ@@._V1_UY67_CR0,0,45,67_AL_.jpg",Big Little Lies,Big Little Lies,8.4
245,"https://m.media-amazon.com/images/M/MV5BOWIyYjcwNGYtZTZkNS00ODE3LWFhMzEtODE3OGVkZWZjY2Q4XkEyXkFqcGdeQXVyMjExMjk0ODk@._V1_UY67_CR1,0,45,67_AL_.jpg",Foyle's War,Foyle's War,8.4
246,"https://m.media-amazon.com/images/M/MV5BMTQ5NzcyNDc5MV5BMl5BanBnXkFtZTgwMDMyOTY5NjE@._V1_UY67_CR0,0,45,67_AL_.jpg",The Knick,The Knick,8.4
247,"https://m.media-amazon.com/images/M/MV5BODZjOGMxMGUtYTY3YS00NjcxLWFkY2EtYzc3NDVkZjk0YWY2XkEyXkFqcGdeQXVyNTA4NzY1MzY@._V1_UY67_CR2,0,45,67_AL_.jpg",Black Books,Black Books,8.4
248,"https://m.media-amazon.com/images/M/MV5BYTk0Nzk5ZWYtYTNlZi00YjBjLWJhYjctMWMwMmYyMDA5ZjJmXkEyXkFqcGdeQXVyNDY5MjMyNTg@._V1_UY67_CR1,0,45,67_AL_.jpg",Saikojiman Gwaenchanha,Saikojiman Gwaenchanha,8.4
249,"https://m.media-amazon.com/images/M/MV5BNjAyMjg0MTMtZmUxZC00MzhiLTk1YzYtOGE4YWNmYmIzMjc4XkEyXkFqcGdeQXVyMTMxODk2OTU@._V1_UY67_CR0,0,45,67_AL_.jpg",The Defiant Ones,The Defiant Ones,8.4
